{
  "name": "family-smart-saver",
  "version": "1.0.0",
  "description": "Blockchain-based family savings platform for Web5Layer network",
  "type": "module",
  "scripts": {
    "dev": "NODE_ENV=development tsx server/index.ts",
    "build": "tsc && vite build",
    "start": "NODE_ENV=production tsx server/index.ts",
    "preview": "vite preview"
  },
  "dependencies": {
    "@hookform/resolvers": "^3.3.2",
    "@radix-ui/react-accordion": "^1.1.2",
    "@radix-ui/react-alert-dialog": "^1.0.5",
    "@radix-ui/react-aspect-ratio": "^1.0.3",
    "@radix-ui/react-avatar": "^1.0.4",
    "@radix-ui/react-checkbox": "^1.0.4",
    "@radix-ui/react-collapsible": "^1.0.3",
    "@radix-ui/react-context-menu": "^2.1.5",
    "@radix-ui/react-dialog": "^1.0.5",
    "@radix-ui/react-dropdown-menu": "^2.0.6",
    "@radix-ui/react-hover-card": "^1.0.7",
    "@radix-ui/react-label": "^2.0.2",
    "@radix-ui/react-menubar": "^1.0.4",
    "@radix-ui/react-navigation-menu": "^1.1.4",
    "@radix-ui/react-popover": "^1.0.7",
    "@radix-ui/react-progress": "^1.0.3",
    "@radix-ui/react-radio-group": "^1.1.3",
    "@radix-ui/react-scroll-area": "^1.0.5",
    "@radix-ui/react-select": "^2.0.0",
    "@radix-ui/react-separator": "^1.0.3",
    "@radix-ui/react-slider": "^1.1.2",
    "@radix-ui/react-slot": "^1.0.2",
    "@radix-ui/react-switch": "^1.0.3",
    "@radix-ui/react-tabs": "^1.0.4",
    "@radix-ui/react-toast": "^1.1.5",
    "@radix-ui/react-toggle": "^1.0.3",
    "@radix-ui/react-toggle-group": "^1.0.4",
    "@radix-ui/react-tooltip": "^1.0.7",
    "@tanstack/react-query": "^5.8.4",
    "class-variance-authority": "^0.7.0",
    "clsx": "^2.0.0",
    "cmdk": "^0.2.0",
    "date-fns": "^2.30.0",
    "embla-carousel-react": "^8.0.0",
    "ethers": "^6.8.1",
    "express": "^4.18.2",
    "framer-motion": "^10.16.5",
    "input-otp": "^1.2.4",
    "lucide-react": "^0.294.0",
    "next-themes": "^0.2.1",
    "react": "^18.2.0",
    "react-day-picker": "^8.9.1",
    "react-dom": "^18.2.0",
    "react-hook-form": "^7.48.2",
    "react-icons": "^4.12.0",
    "react-resizable-panels": "^0.0.63",
    "recharts": "^2.8.0",
    "tailwind-merge": "^2.0.0",
    "tailwindcss-animate": "^1.0.7",
    "vaul": "^0.7.9",
    "wouter": "^2.12.1",
    "zod": "^3.22.4",
    "zod-validation-error": "^1.5.0"
  },
  "devDependencies": {
    "@tailwindcss/typography": "^0.5.10",
    "@tailwindcss/vite": "^4.0.0-alpha.4",
    "@types/express": "^4.17.21",
    "@types/node": "^20.9.0",
    "@types/react": "^18.2.37",
    "@types/react-dom": "^18.2.15",
    "@vitejs/plugin-react": "^4.1.1",
    "autoprefixer": "^10.4.16",
    "postcss": "^8.4.31",
    "tailwindcss": "^3.3.5",
    "tsx": "^4.1.2",
    "typescript": "^5.2.2",
    "vite": "^4.5.0"
  },
  "engines": {
    "node": ">=18.0.0"
  }
}